Cliente,Predicción,Efectuará compra
1,0,No
2,0,No
3,1,Sí
4,1,Sí
5,0,No
6,0,No
7,0,No
8,0,No
9,1,Sí
10,0,No
11,0,No
12,0,No
13,0,No
14,0,No
15,0,No
16,0,No
17,0,No
18,0,No
19,0,No
20,0,No
21,0,No
22,0,No
23,0,No
24,0,No
25,0,No
26,0,No
27,1,Sí
28,0,No
29,1,Sí
30,0,No
31,0,No
32,0,No
33,1,Sí
34,0,No
35,0,No
36,0,No
37,0,No
38,0,No
39,0,No
40,1,Sí
41,0,No
42,1,Sí
43,0,No
44,0,No
45,0,No
46,0,No
47,0,No
48,0,No
49,0,No
50,0,No
51,0,No
52,0,No
53,0,No
54,0,No
55,0,No
56,0,No
57,1,Sí
58,0,No
59,0,No
60,0,No
61,0,No
62,1,Sí
63,1,Sí
64,0,No
65,0,No
66,0,No
67,1,Sí
68,0,No
69,0,No
70,0,No
71,0,No
72,0,No
73,0,No
74,1,Sí
75,0,No
76,0,No
77,0,No
78,0,No
79,0,No
80,0,No
81,0,No
82,0,No
83,0,No
84,0,No
85,0,No
86,0,No
87,0,No
88,1,Sí
89,0,No
90,0,No
91,0,No
92,0,No
93,0,No
94,0,No
95,0,No
96,0,No
97,0,No
98,0,No
99,0,No
100,0,No
101,1,Sí
102,0,No
103,0,No
104,1,Sí
105,0,No
106,0,No
107,0,No
108,0,No
109,0,No
110,0,No
111,0,No
112,1,Sí
113,0,No
114,0,No
115,1,Sí
116,0,No
117,0,No
118,0,No
119,1,Sí
120,0,No
121,1,Sí
122,0,No
123,0,No
124,0,No
125,0,No
126,0,No
127,0,No
128,1,Sí
129,0,No
130,0,No
131,1,Sí
132,0,No
133,0,No
134,1,Sí
135,0,No
136,0,No
137,0,No
138,0,No
139,1,Sí
140,0,No
141,0,No
142,0,No
143,0,No
144,0,No
145,0,No
146,0,No
147,0,No
148,1,Sí
149,1,Sí
150,0,No
151,0,No
152,1,Sí
153,0,No
154,0,No
155,0,No
156,0,No
157,0,No
158,0,No
159,0,No
160,0,No
161,0,No
162,1,Sí
163,0,No
164,0,No
165,0,No
166,0,No
167,0,No
168,0,No
169,0,No
170,0,No
171,1,Sí
172,0,No
173,0,No
174,0,No
175,0,No
176,0,No
177,0,No
178,0,No
179,0,No
180,1,Sí
181,0,No
182,1,Sí
183,0,No
184,0,No
185,0,No
186,0,No
187,0,No
188,0,No
189,0,No
190,0,No
191,0,No
192,0,No
193,0,No
194,0,No
195,1,Sí
196,0,No
197,0,No
198,0,No
199,1,Sí
200,1,Sí
201,0,No
202,0,No
203,0,No
204,0,No
205,0,No
206,0,No
207,0,No
208,0,No
209,0,No
210,0,No
211,0,No
212,0,No
213,0,No
214,0,No
215,1,Sí
216,0,No
217,0,No
218,0,No
219,0,No
220,0,No
221,0,No
222,0,No
223,0,No
224,0,No
225,0,No
226,0,No
227,0,No
228,0,No
229,0,No
230,1,Sí
231,0,No
232,0,No
233,0,No
234,0,No
235,1,Sí
236,0,No
237,0,No
238,1,Sí
239,0,No
240,1,Sí
241,0,No
242,0,No
243,1,Sí
244,0,No
245,0,No
246,0,No
247,0,No
248,0,No
249,0,No
250,0,No
251,1,Sí
252,0,No
253,0,No
254,0,No
255,0,No
256,0,No
257,0,No
258,0,No
259,0,No
260,0,No
261,0,No
262,1,Sí
263,0,No
264,0,No
265,0,No
266,0,No
267,0,No
268,0,No
269,1,Sí
270,0,No
271,0,No
272,0,No
273,0,No
274,0,No
275,0,No
276,0,No
277,0,No
278,0,No
279,0,No
280,0,No
281,0,No
282,0,No
283,0,No
284,0,No
285,0,No
286,0,No
287,0,No
288,0,No
289,0,No
290,1,Sí
291,1,Sí
292,0,No
293,0,No
294,0,No
295,0,No
296,0,No
297,0,No
298,1,Sí
299,0,No
300,0,No
301,0,No
302,0,No
303,0,No
304,1,Sí
305,0,No
306,0,No
307,0,No
308,1,Sí
309,0,No
310,0,No
311,0,No
312,0,No
313,0,No
314,0,No
315,0,No
316,0,No
317,0,No
318,0,No
319,1,Sí
320,0,No
321,0,No
322,0,No
323,0,No
324,0,No
325,1,Sí
326,0,No
327,0,No
328,0,No
329,0,No
330,0,No
331,1,Sí
332,0,No
333,0,No
334,0,No
335,0,No
336,0,No
337,0,No
338,0,No
339,0,No
340,0,No
341,0,No
342,0,No
343,0,No
344,0,No
345,0,No
346,0,No
347,0,No
348,0,No
349,0,No
350,0,No
351,0,No
352,0,No
353,0,No
354,0,No
355,0,No
356,1,Sí
357,0,No
358,0,No
359,0,No
360,0,No
361,0,No
362,0,No
363,0,No
364,0,No
365,1,Sí
366,1,Sí
367,0,No
368,0,No
369,0,No
370,0,No
371,0,No
372,0,No
373,0,No
374,0,No
375,0,No
376,0,No
377,0,No
378,0,No
379,0,No
380,0,No
381,0,No
382,0,No
383,0,No
384,0,No
385,1,Sí
386,0,No
387,0,No
388,0,No
389,1,Sí
390,0,No
391,0,No
392,0,No
393,0,No
394,0,No
395,0,No
396,0,No
397,0,No
398,0,No
399,0,No
400,0,No
401,0,No
402,0,No
403,0,No
404,1,Sí
405,0,No
406,0,No
407,0,No
408,0,No
409,0,No
410,0,No
411,1,Sí
412,0,No
413,0,No
414,0,No
415,1,Sí
416,0,No
417,0,No
418,1,Sí
419,0,No
420,0,No
421,0,No
422,0,No
423,0,No
424,0,No
425,0,No
426,0,No
427,0,No
428,0,No
429,0,No
430,0,No
431,0,No
432,0,No
433,0,No
434,0,No
435,1,Sí
436,0,No
437,1,Sí
438,0,No
439,0,No
440,0,No
441,0,No
442,0,No
443,0,No
444,0,No
445,0,No
446,0,No
447,0,No
448,0,No
449,0,No
450,0,No
451,0,No
452,0,No
453,0,No
454,0,No
455,0,No
456,0,No
457,0,No
458,0,No
459,1,Sí
460,0,No
461,0,No
462,0,No
463,0,No
464,0,No
465,0,No
466,0,No
467,0,No
468,1,Sí
469,0,No
470,0,No
471,1,Sí
472,0,No
473,0,No
474,0,No
475,0,No
476,0,No
477,0,No
478,0,No
479,0,No
480,0,No
481,0,No
482,0,No
483,1,Sí
484,0,No
485,0,No
486,0,No
487,0,No
488,0,No
489,0,No
490,0,No
491,0,No
492,1,Sí
493,0,No
494,0,No
495,0,No
496,0,No
497,0,No
498,0,No
499,0,No
500,0,No
501,0,No
502,0,No
503,0,No
504,0,No
505,1,Sí
506,0,No
507,1,Sí
508,0,No
509,0,No
510,1,Sí
511,0,No
512,1,Sí
513,0,No
514,1,Sí
515,0,No
516,0,No
517,0,No
518,0,No
519,0,No
520,0,No
521,0,No
522,0,No
523,1,Sí
524,0,No
525,0,No
526,0,No
527,0,No
528,0,No
529,0,No
530,1,Sí
531,0,No
532,0,No
533,0,No
534,0,No
535,1,Sí
536,0,No
537,0,No
538,1,Sí
539,0,No
540,0,No
541,0,No
542,0,No
543,0,No
544,0,No
545,0,No
546,0,No
547,0,No
548,1,Sí
549,0,No
550,0,No
551,0,No
552,0,No
553,0,No
554,0,No
555,0,No
556,0,No
557,0,No
558,0,No
559,0,No
560,0,No
561,0,No
562,0,No
563,0,No
564,1,Sí
565,0,No
566,0,No
567,0,No
568,0,No
569,0,No
570,0,No
571,0,No
572,0,No
573,0,No
574,0,No
575,0,No
576,0,No
577,1,Sí
578,0,No
579,1,Sí
580,0,No
581,0,No
582,0,No
583,0,No
584,0,No
585,1,Sí
586,0,No
587,0,No
588,0,No
589,0,No
590,0,No
591,0,No
592,0,No
593,0,No
594,0,No
595,0,No
596,0,No
597,0,No
598,0,No
599,1,Sí
600,0,No
601,0,No
602,0,No
603,1,Sí
604,0,No
605,1,Sí
606,0,No
607,0,No
608,0,No
609,0,No
610,0,No
611,0,No
612,1,Sí
613,0,No
614,0,No
615,0,No
616,0,No
617,1,Sí
618,0,No
619,0,No
620,0,No
621,1,Sí
622,0,No
623,1,Sí
624,0,No
625,1,Sí
626,0,No
627,0,No
628,0,No
629,0,No
630,0,No
631,0,No
632,0,No
633,0,No
634,1,Sí
635,0,No
636,0,No
637,0,No
638,1,Sí
639,0,No
640,0,No
641,0,No
642,0,No
643,0,No
644,0,No
645,0,No
646,0,No
647,0,No
648,0,No
649,1,Sí
650,0,No
651,0,No
652,0,No
653,0,No
654,0,No
655,0,No
656,0,No
657,0,No
658,0,No
659,0,No
660,0,No
661,0,No
662,0,No
663,1,Sí
664,0,No
665,0,No
666,0,No
667,0,No
668,0,No
669,0,No
670,0,No
671,0,No
672,0,No
673,0,No
674,0,No
675,0,No
676,0,No
677,0,No
678,0,No
679,0,No
680,0,No
681,0,No
682,0,No
683,0,No
684,0,No
685,0,No
686,1,Sí
687,0,No
688,0,No
689,1,Sí
690,0,No
691,0,No
692,0,No
693,0,No
694,0,No
695,0,No
696,0,No
697,0,No
698,0,No
699,0,No
700,0,No
701,0,No
702,0,No
703,0,No
704,0,No
705,0,No
706,0,No
707,1,Sí
708,0,No
709,0,No
710,0,No
711,1,Sí
712,0,No
713,0,No
714,1,Sí
715,0,No
716,0,No
717,0,No
718,0,No
719,1,Sí
720,0,No
721,0,No
722,0,No
723,1,Sí
724,1,Sí
725,0,No
726,0,No
727,0,No
728,0,No
729,0,No
730,0,No
731,0,No
732,1,Sí
733,0,No
734,0,No
735,0,No
736,0,No
737,0,No
738,0,No
739,0,No
740,0,No
741,0,No
742,1,Sí
743,0,No
744,1,Sí
745,0,No
746,0,No
747,0,No
748,0,No
749,0,No
750,0,No
751,1,Sí
752,0,No
753,0,No
754,0,No
755,0,No
756,1,Sí
757,0,No
758,0,No
759,0,No
760,0,No
761,0,No
762,0,No
763,0,No
764,0,No
765,0,No
766,0,No
767,0,No
768,0,No
769,0,No
770,0,No
771,0,No
772,0,No
773,1,Sí
774,0,No
775,0,No
776,1,Sí
777,1,Sí
778,1,Sí
779,0,No
780,0,No
781,1,Sí
782,0,No
783,0,No
784,0,No
785,0,No
786,0,No
787,0,No
788,0,No
789,0,No
790,0,No
791,0,No
792,0,No
793,0,No
794,0,No
795,0,No
796,0,No
797,0,No
798,0,No
799,0,No
800,0,No
801,0,No
802,1,Sí
803,0,No
804,0,No
805,0,No
806,1,Sí
807,0,No
808,0,No
809,1,Sí
810,0,No
811,0,No
812,0,No
813,0,No
814,0,No
815,0,No
816,0,No
817,0,No
818,0,No
819,0,No
820,0,No
821,1,Sí
822,1,Sí
823,1,Sí
824,0,No
825,0,No
826,0,No
827,0,No
828,0,No
829,1,Sí
830,0,No
831,0,No
832,0,No
833,0,No
834,0,No
835,0,No
836,0,No
837,0,No
838,0,No
839,0,No
840,0,No
841,0,No
842,0,No
843,0,No
844,0,No
845,0,No
846,0,No
847,0,No
848,0,No
849,1,Sí
850,0,No
851,0,No
852,0,No
853,0,No
854,1,Sí
855,0,No
856,1,Sí
857,0,No
858,0,No
859,0,No
860,0,No
861,1,Sí
862,0,No
863,0,No
864,0,No
865,1,Sí
866,0,No
867,0,No
868,0,No
869,0,No
870,0,No
871,1,Sí
872,0,No
873,0,No
874,0,No
875,0,No
876,0,No
877,0,No
878,1,Sí
879,0,No
880,0,No
881,0,No
882,0,No
883,0,No
884,0,No
885,0,No
886,0,No
887,1,Sí
888,0,No
889,0,No
890,0,No
891,1,Sí
892,0,No
893,0,No
894,1,Sí
895,1,Sí
896,0,No
897,0,No
898,0,No
899,1,Sí
900,0,No
901,0,No
902,0,No
903,0,No
904,0,No
905,0,No
906,0,No
907,0,No
908,0,No
909,0,No
910,0,No
911,1,Sí
912,0,No
913,0,No
914,0,No
915,1,Sí
916,0,No
917,0,No
918,0,No
919,0,No
920,1,Sí
921,0,No
922,0,No
923,1,Sí
924,0,No
925,0,No
926,0,No
927,1,Sí
928,0,No
929,0,No
930,0,No
931,0,No
932,1,Sí
933,0,No
934,0,No
935,0,No
936,0,No
937,0,No
938,0,No
939,0,No
940,0,No
941,1,Sí
942,1,Sí
943,1,Sí
944,1,Sí
945,0,No
946,0,No
947,0,No
948,0,No
949,0,No
950,0,No
951,0,No
952,0,No
953,0,No
954,0,No
955,0,No
956,0,No
957,0,No
958,0,No
959,0,No
960,0,No
961,0,No
962,0,No
963,0,No
964,0,No
965,0,No
966,0,No
967,0,No
968,0,No
969,0,No
970,0,No
971,0,No
972,0,No
973,0,No
974,0,No
975,1,Sí
976,0,No
977,0,No
978,0,No
979,0,No
980,0,No
981,1,Sí
982,1,Sí
983,0,No
984,0,No
985,0,No
986,0,No
987,0,No
988,0,No
989,0,No
990,0,No
991,0,No
992,1,Sí
993,0,No
994,0,No
995,1,Sí
996,0,No
997,0,No
998,0,No
999,0,No
1000,0,No
1001,0,No
1002,0,No
1003,0,No
1004,0,No
1005,0,No
1006,0,No
1007,0,No
1008,0,No
1009,1,Sí
1010,0,No
1011,0,No
1012,0,No
1013,0,No
1014,0,No
1015,0,No
1016,0,No
1017,1,Sí
1018,0,No
1019,0,No
1020,0,No
1021,0,No
1022,0,No
1023,0,No
1024,0,No
1025,0,No
1026,0,No
1027,0,No
1028,0,No
1029,0,No
1030,0,No
1031,0,No
1032,1,Sí
1033,0,No
1034,1,Sí
1035,0,No
1036,0,No
1037,0,No
1038,0,No
1039,0,No
1040,0,No
1041,0,No
1042,0,No
1043,1,Sí
1044,0,No
1045,0,No
1046,0,No
1047,0,No
1048,0,No
1049,0,No
1050,1,Sí
1051,0,No
1052,1,Sí
1053,0,No
1054,0,No
1055,0,No
1056,0,No
1057,0,No
1058,0,No
1059,0,No
1060,0,No
1061,0,No
1062,0,No
1063,0,No
1064,0,No
1065,0,No
1066,0,No
1067,0,No
1068,1,Sí
1069,0,No
1070,1,Sí
1071,0,No
1072,0,No
1073,0,No
1074,0,No
1075,0,No
1076,0,No
1077,0,No
1078,1,Sí
1079,0,No
1080,0,No
1081,0,No
1082,1,Sí
1083,0,No
1084,0,No
1085,0,No
1086,0,No
1087,0,No
1088,0,No
1089,0,No
1090,0,No
1091,0,No
1092,0,No
1093,0,No
1094,1,Sí
1095,0,No
1096,0,No
1097,0,No
1098,0,No
1099,0,No
1100,0,No
1101,0,No
1102,0,No
1103,0,No
1104,1,Sí
1105,0,No
1106,0,No
1107,1,Sí
1108,0,No
1109,0,No
1110,0,No
1111,0,No
1112,0,No
1113,0,No
1114,0,No
1115,0,No
1116,0,No
1117,0,No
1118,0,No
1119,0,No
1120,0,No
1121,0,No
1122,0,No
1123,1,Sí
1124,0,No
1125,0,No
1126,0,No
1127,0,No
1128,0,No
1129,0,No
1130,1,Sí
1131,0,No
1132,0,No
1133,0,No
1134,0,No
1135,0,No
1136,0,No
1137,0,No
1138,0,No
1139,1,Sí
1140,0,No
1141,0,No
1142,0,No
1143,0,No
1144,0,No
1145,0,No
1146,0,No
1147,1,Sí
1148,0,No
1149,0,No
1150,1,Sí
1151,0,No
1152,0,No
1153,0,No
1154,0,No
1155,0,No
1156,0,No
1157,0,No
1158,0,No
1159,0,No
1160,0,No
1161,0,No
1162,0,No
1163,0,No
1164,0,No
1165,0,No
1166,0,No
1167,0,No
1168,0,No
1169,0,No
1170,0,No
1171,0,No
1172,0,No
1173,0,No
1174,0,No
1175,1,Sí
1176,0,No
1177,0,No
1178,0,No
1179,1,Sí
1180,0,No
1181,0,No
1182,0,No
1183,0,No
1184,0,No
1185,0,No
1186,1,Sí
1187,0,No
1188,0,No
1189,0,No
1190,1,Sí
1191,0,No
1192,0,No
1193,0,No
1194,0,No
1195,0,No
1196,0,No
1197,0,No
1198,0,No
1199,1,Sí
1200,0,No
1201,0,No
1202,0,No
1203,1,Sí
1204,1,Sí
1205,0,No
1206,0,No
1207,0,No
1208,0,No
1209,0,No
1210,0,No
1211,1,Sí
1212,0,No
1213,0,No
1214,0,No
1215,0,No
1216,0,No
1217,0,No
1218,0,No
1219,1,Sí
1220,0,No
1221,0,No
1222,0,No
1223,0,No
1224,0,No
1225,0,No
1226,0,No
1227,0,No
1228,0,No
1229,0,No
1230,0,No
1231,0,No
1232,1,Sí
1233,0,No
1234,0,No
1235,0,No
1236,0,No
1237,0,No
1238,0,No
1239,0,No
1240,0,No
1241,0,No
1242,0,No
1243,0,No
1244,0,No
1245,0,No
1246,0,No
1247,0,No
1248,0,No
1249,0,No
1250,1,Sí
1251,0,No
1252,0,No
1253,0,No
1254,0,No
1255,0,No
1256,0,No
1257,0,No
1258,0,No
1259,0,No
1260,0,No
1261,0,No
1262,1,Sí
1263,0,No
1264,0,No
1265,0,No
1266,0,No
1267,0,No
1268,0,No
1269,0,No
1270,0,No
1271,0,No
1272,0,No
1273,0,No
1274,0,No
1275,0,No
1276,0,No
1277,0,No
1278,0,No
1279,0,No
1280,0,No
1281,0,No
1282,0,No
1283,0,No
1284,1,Sí
1285,1,Sí
1286,1,Sí
1287,0,No
1288,0,No
1289,0,No
1290,0,No
1291,1,Sí
1292,1,Sí
1293,0,No
1294,0,No
1295,0,No
1296,0,No
1297,0,No
1298,0,No
1299,0,No
1300,0,No
1301,0,No
1302,1,Sí
1303,0,No
1304,0,No
1305,0,No
1306,0,No
1307,1,Sí
1308,0,No
1309,1,Sí
1310,0,No
1311,0,No
1312,0,No
1313,0,No
1314,0,No
1315,1,Sí
1316,0,No
1317,0,No
1318,0,No
1319,0,No
1320,0,No
1321,0,No
1322,0,No
1323,1,Sí
1324,0,No
1325,0,No
1326,0,No
1327,0,No
1328,0,No
1329,0,No
1330,0,No
1331,0,No
1332,0,No
1333,0,No
1334,0,No
1335,0,No
1336,1,Sí
1337,0,No
1338,0,No
1339,0,No
1340,0,No
1341,0,No
1342,0,No
1343,0,No
1344,0,No
1345,0,No
1346,0,No
1347,0,No
1348,0,No
1349,0,No
1350,0,No
1351,0,No
1352,0,No
1353,0,No
1354,0,No
1355,0,No
1356,0,No
1357,0,No
1358,0,No
1359,0,No
1360,0,No
1361,0,No
1362,0,No
1363,1,Sí
1364,0,No
1365,0,No
1366,1,Sí
1367,0,No
1368,0,No
1369,0,No
1370,0,No
1371,0,No
1372,0,No
1373,0,No
1374,0,No
1375,0,No
1376,1,Sí
1377,0,No
1378,0,No
1379,0,No
1380,0,No
1381,1,Sí
1382,1,Sí
1383,1,Sí
1384,0,No
1385,0,No
1386,0,No
1387,1,Sí
1388,0,No
1389,0,No
1390,0,No
1391,0,No
1392,0,No
1393,0,No
1394,0,No
1395,0,No
1396,0,No
1397,1,Sí
1398,0,No
1399,0,No
1400,0,No
1401,0,No
1402,1,Sí
1403,0,No
1404,0,No
1405,1,Sí
1406,0,No
1407,0,No
1408,0,No
1409,0,No
1410,0,No
1411,0,No
1412,0,No
1413,0,No
1414,1,Sí
1415,0,No
1416,0,No
1417,0,No
1418,0,No
1419,0,No
1420,0,No
1421,0,No
1422,0,No
1423,0,No
1424,0,No
1425,1,Sí
1426,0,No
1427,0,No
1428,0,No
1429,1,Sí
1430,0,No
1431,0,No
1432,0,No
1433,0,No
1434,0,No
1435,0,No
1436,0,No
1437,0,No
1438,0,No
1439,0,No
1440,0,No
1441,1,Sí
1442,0,No
1443,0,No
1444,1,Sí
1445,0,No
1446,0,No
1447,0,No
1448,0,No
1449,0,No
1450,0,No
1451,0,No
1452,0,No
1453,0,No
1454,0,No
1455,0,No
1456,0,No
1457,0,No
1458,1,Sí
1459,0,No
1460,0,No
1461,1,Sí
1462,0,No
1463,0,No
1464,0,No
1465,0,No
1466,1,Sí
1467,0,No
1468,0,No
1469,0,No
1470,0,No
1471,0,No
1472,0,No
1473,1,Sí
1474,0,No
1475,0,No
1476,0,No
1477,0,No
1478,0,No
1479,0,No
1480,0,No
1481,0,No
1482,0,No
1483,1,Sí
1484,0,No
1485,0,No
1486,0,No
1487,0,No
1488,0,No
1489,0,No
1490,0,No
1491,0,No
1492,0,No
1493,0,No
1494,0,No
1495,0,No
1496,0,No
1497,1,Sí
1498,0,No
1499,0,No
1500,0,No
1501,0,No
1502,1,Sí
1503,1,Sí
1504,0,No
1505,0,No
1506,0,No
1507,0,No
1508,0,No
1509,0,No
1510,0,No
1511,1,Sí
1512,0,No
1513,0,No
1514,1,Sí
1515,0,No
1516,0,No
1517,1,Sí
1518,0,No
1519,0,No
1520,0,No
1521,0,No
1522,1,Sí
1523,0,No
1524,1,Sí
1525,0,No
1526,0,No
1527,0,No
1528,1,Sí
1529,0,No
1530,0,No
1531,0,No
1532,0,No
1533,1,Sí
1534,0,No
1535,0,No
1536,0,No
1537,0,No
1538,0,No
1539,0,No
1540,0,No
1541,0,No
1542,0,No
1543,0,No
1544,0,No
1545,0,No
1546,0,No
1547,1,Sí
1548,0,No
1549,0,No
1550,0,No
1551,1,Sí
1552,0,No
1553,0,No
1554,1,Sí
1555,0,No
1556,0,No
1557,0,No
1558,0,No
1559,0,No
1560,0,No
1561,0,No
1562,0,No
1563,0,No
1564,0,No
1565,0,No
1566,0,No
1567,0,No
1568,0,No
1569,0,No
1570,0,No
1571,0,No
1572,1,Sí
1573,0,No
1574,0,No
1575,0,No
1576,0,No
1577,0,No
1578,0,No
1579,0,No
1580,0,No
1581,0,No
1582,0,No
1583,0,No
1584,0,No
1585,0,No
1586,0,No
1587,0,No
1588,0,No
1589,0,No
1590,0,No
1591,0,No
1592,0,No
1593,1,Sí
1594,0,No
1595,0,No
1596,0,No
1597,1,Sí
1598,0,No
1599,0,No
1600,0,No
1601,0,No
1602,0,No
1603,0,No
1604,1,Sí
1605,0,No
1606,0,No
1607,0,No
1608,0,No
1609,0,No
1610,0,No
1611,1,Sí
1612,0,No
1613,0,No
1614,0,No
1615,0,No
1616,0,No
1617,0,No
1618,0,No
1619,0,No
1620,0,No
1621,0,No
1622,0,No
1623,1,Sí
1624,0,No
1625,0,No
1626,0,No
1627,0,No
1628,0,No
1629,0,No
1630,0,No
1631,0,No
1632,0,No
1633,0,No
1634,0,No
1635,0,No
1636,0,No
1637,0,No
1638,0,No
1639,0,No
1640,1,Sí
1641,0,No
1642,0,No
1643,0,No
1644,1,Sí
1645,0,No
1646,0,No
1647,0,No
1648,0,No
1649,0,No
1650,0,No
1651,0,No
1652,0,No
1653,0,No
1654,0,No
1655,0,No
1656,0,No
1657,0,No
1658,0,No
1659,0,No
1660,1,Sí
1661,0,No
1662,0,No
1663,0,No
1664,0,No
1665,0,No
1666,0,No
1667,0,No
1668,0,No
1669,0,No
1670,0,No
1671,0,No
1672,0,No
1673,0,No
1674,0,No
1675,0,No
1676,0,No
1677,0,No
1678,0,No
1679,1,Sí
1680,0,No
1681,0,No
1682,0,No
1683,0,No
1684,0,No
1685,0,No
1686,0,No
1687,0,No
1688,1,Sí
1689,0,No
1690,0,No
1691,0,No
1692,0,No
1693,0,No
1694,0,No
1695,0,No
1696,0,No
1697,0,No
1698,0,No
1699,0,No
1700,1,Sí
1701,0,No
1702,0,No
1703,0,No
1704,0,No
1705,0,No
1706,0,No
1707,0,No
1708,0,No
1709,0,No
1710,0,No
1711,0,No
1712,0,No
1713,0,No
1714,0,No
1715,0,No
1716,0,No
1717,1,Sí
1718,0,No
1719,1,Sí
1720,0,No
1721,0,No
1722,1,Sí
1723,0,No
1724,0,No
1725,0,No
1726,0,No
1727,0,No
1728,0,No
1729,0,No
1730,0,No
1731,0,No
1732,0,No
1733,0,No
1734,1,Sí
1735,1,Sí
1736,0,No
1737,0,No
1738,0,No
1739,0,No
1740,0,No
1741,0,No
1742,0,No
1743,0,No
1744,0,No
1745,0,No
1746,0,No
1747,1,Sí
1748,0,No
1749,0,No
1750,0,No
1751,0,No
1752,0,No
1753,0,No
1754,0,No
1755,0,No
1756,0,No
1757,0,No
1758,0,No
1759,0,No
1760,0,No
1761,0,No
1762,0,No
1763,0,No
1764,1,Sí
1765,0,No
1766,0,No
1767,0,No
1768,0,No
1769,0,No
1770,0,No
1771,0,No
1772,0,No
1773,0,No
1774,0,No
1775,0,No
1776,0,No
1777,0,No
1778,1,Sí
1779,0,No
1780,0,No
1781,1,Sí
1782,0,No
1783,1,Sí
1784,0,No
1785,0,No
1786,0,No
1787,0,No
1788,1,Sí
1789,0,No
1790,0,No
1791,0,No
1792,0,No
1793,0,No
1794,0,No
1795,0,No
1796,0,No
1797,0,No
1798,0,No
1799,1,Sí
1800,0,No
1801,0,No
1802,0,No
1803,0,No
1804,0,No
1805,0,No
1806,1,Sí
1807,0,No
1808,0,No
1809,0,No
1810,0,No
1811,0,No
1812,0,No
1813,0,No
1814,0,No
1815,0,No
1816,0,No
1817,0,No
1818,0,No
1819,0,No
1820,0,No
1821,0,No
1822,0,No
1823,0,No
1824,0,No
1825,0,No
1826,1,Sí
1827,0,No
1828,0,No
1829,0,No
1830,0,No
1831,0,No
1832,0,No
1833,1,Sí
1834,0,No
1835,0,No
1836,0,No
1837,0,No
1838,0,No
1839,1,Sí
1840,0,No
1841,0,No
1842,0,No
1843,0,No
1844,0,No
1845,1,Sí
1846,0,No
1847,1,Sí
1848,0,No
1849,0,No
1850,0,No
1851,0,No
1852,0,No
1853,0,No
1854,0,No
1855,1,Sí
1856,0,No
1857,0,No
1858,0,No
1859,0,No
1860,1,Sí
1861,0,No
1862,0,No
1863,1,Sí
1864,0,No
1865,0,No
1866,0,No
1867,0,No
1868,0,No
1869,0,No
1870,0,No
1871,0,No
1872,0,No
1873,0,No
1874,1,Sí
1875,0,No
1876,0,No
1877,0,No
1878,0,No
1879,0,No
1880,0,No
1881,0,No
1882,0,No
1883,0,No
1884,0,No
1885,0,No
1886,0,No
1887,0,No
1888,0,No
1889,1,Sí
1890,0,No
1891,0,No
1892,1,Sí
1893,0,No
1894,1,Sí
1895,0,No
1896,1,Sí
1897,0,No
1898,1,Sí
1899,0,No
1900,0,No
1901,0,No
1902,0,No
1903,0,No
1904,0,No
1905,0,No
1906,0,No
1907,0,No
1908,1,Sí
1909,1,Sí
1910,0,No
1911,0,No
1912,0,No
1913,1,Sí
1914,0,No
1915,0,No
1916,0,No
1917,0,No
1918,0,No
1919,0,No
1920,0,No
1921,0,No
1922,0,No
1923,0,No
1924,0,No
1925,0,No
1926,0,No
1927,0,No
1928,0,No
1929,0,No
1930,0,No
1931,0,No
1932,0,No
1933,0,No
1934,0,No
1935,0,No
1936,0,No
1937,0,No
1938,0,No
1939,0,No
1940,0,No
1941,1,Sí
1942,0,No
1943,0,No
1944,0,No
1945,0,No
1946,0,No
1947,0,No
1948,0,No
1949,0,No
1950,1,Sí
1951,0,No
1952,0,No
1953,0,No
1954,1,Sí
1955,0,No
1956,0,No
1957,0,No
1958,0,No
1959,0,No
1960,1,Sí
1961,0,No
1962,0,No
1963,1,Sí
1964,0,No
1965,0,No
1966,0,No
1967,0,No
1968,0,No
1969,0,No
1970,0,No
1971,0,No
1972,0,No
1973,0,No
1974,0,No
1975,0,No
1976,0,No
1977,0,No
1978,1,Sí
1979,0,No
1980,0,No
1981,0,No
1982,0,No
1983,0,No
1984,0,No
1985,0,No
1986,0,No
1987,0,No
1988,0,No
1989,0,No
1990,1,Sí
1991,1,Sí
1992,0,No
1993,0,No
1994,0,No
1995,0,No
1996,0,No
1997,1,Sí
1998,0,No
1999,0,No
2000,0,No
2001,0,No
2002,0,No
2003,0,No
2004,0,No
2005,0,No
2006,0,No
2007,0,No
2008,0,No
2009,0,No
2010,0,No
2011,0,No
2012,0,No
2013,1,Sí
2014,0,No
2015,0,No
2016,0,No
2017,0,No
2018,0,No
2019,1,Sí
2020,0,No
2021,0,No
2022,0,No
2023,0,No
2024,0,No
2025,1,Sí
2026,0,No
2027,0,No
2028,0,No
2029,0,No
2030,0,No
2031,0,No
2032,0,No
2033,1,Sí
2034,0,No
2035,0,No
2036,0,No
2037,1,Sí
2038,0,No
2039,0,No
2040,0,No
2041,0,No
2042,0,No
2043,0,No
2044,0,No
2045,0,No
2046,0,No
2047,0,No
2048,0,No
2049,0,No
2050,0,No
2051,0,No
2052,0,No
2053,0,No
2054,0,No
2055,0,No
2056,0,No
2057,1,Sí
2058,0,No
2059,0,No
2060,0,No
2061,0,No
2062,0,No
2063,0,No
2064,1,Sí
2065,0,No
2066,0,No
2067,0,No
2068,0,No
2069,1,Sí
2070,0,No
2071,0,No
2072,0,No
2073,0,No
2074,0,No
2075,0,No
2076,0,No
2077,0,No
2078,0,No
2079,0,No
2080,0,No
2081,0,No
2082,0,No
2083,0,No
2084,0,No
2085,0,No
2086,0,No
2087,1,Sí
2088,0,No
2089,0,No
2090,0,No
2091,0,No
2092,0,No
2093,0,No
2094,0,No
2095,0,No
2096,0,No
2097,0,No
2098,1,Sí
2099,0,No
2100,0,No
2101,0,No
2102,0,No
2103,1,Sí
2104,0,No
2105,0,No
2106,0,No
2107,0,No
2108,0,No
2109,0,No
2110,0,No
2111,0,No
2112,0,No
2113,0,No
2114,0,No
2115,0,No
2116,0,No
2117,1,Sí
2118,0,No
2119,0,No
2120,0,No
2121,0,No
2122,0,No
2123,0,No
2124,0,No
2125,0,No
2126,0,No
2127,1,Sí
2128,1,Sí
2129,0,No
2130,1,Sí
2131,0,No
2132,1,Sí
2133,0,No
2134,0,No
2135,0,No
2136,0,No
2137,1,Sí
2138,0,No
2139,0,No
2140,0,No
2141,0,No
2142,0,No
2143,0,No
2144,0,No
2145,0,No
2146,0,No
2147,1,Sí
2148,0,No
2149,0,No
2150,0,No
2151,0,No
2152,1,Sí
2153,0,No
2154,0,No
2155,0,No
2156,0,No
2157,0,No
2158,0,No
2159,0,No
2160,0,No
2161,0,No
2162,0,No
2163,0,No
2164,1,Sí
2165,0,No
2166,0,No
2167,1,Sí
2168,0,No
2169,0,No
2170,0,No
2171,1,Sí
2172,0,No
2173,0,No
2174,1,Sí
2175,1,Sí
2176,0,No
2177,0,No
2178,0,No
2179,0,No
2180,0,No
2181,0,No
2182,0,No
2183,1,Sí
2184,0,No
2185,0,No
2186,0,No
2187,0,No
2188,0,No
2189,0,No
2190,0,No
2191,0,No
2192,0,No
2193,0,No
2194,0,No
2195,0,No
2196,0,No
2197,0,No
2198,0,No
2199,0,No
2200,0,No
2201,1,Sí
2202,0,No
2203,0,No
2204,0,No
2205,0,No
2206,1,Sí
2207,0,No
2208,0,No
2209,1,Sí
2210,0,No
2211,0,No
2212,0,No
2213,1,Sí
2214,0,No
2215,1,Sí
2216,0,No
2217,0,No
2218,0,No
2219,0,No
2220,0,No
2221,0,No
2222,0,No
2223,1,Sí
2224,0,No
2225,0,No
2226,0,No
2227,0,No
2228,0,No
2229,0,No
2230,0,No
2231,0,No
2232,0,No
2233,1,Sí
2234,0,No
2235,0,No
2236,0,No
2237,0,No
2238,0,No
2239,0,No
2240,1,Sí
2241,0,No
2242,0,No
2243,0,No
2244,0,No
2245,1,Sí
2246,0,No
2247,0,No
2248,0,No
2249,0,No
2250,0,No
2251,0,No
2252,1,Sí
2253,0,No
2254,1,Sí
2255,0,No
2256,0,No
2257,0,No
2258,0,No
2259,0,No
2260,1,Sí
2261,0,No
2262,0,No
2263,0,No
2264,0,No
2265,0,No
2266,0,No
2267,0,No
2268,0,No
2269,0,No
2270,0,No
2271,0,No
2272,0,No
2273,0,No
2274,0,No
2275,0,No
2276,0,No
2277,0,No
2278,0,No
2279,0,No
2280,0,No
2281,0,No
2282,0,No
2283,1,Sí
2284,0,No
2285,1,Sí
2286,0,No
2287,0,No
2288,1,Sí
2289,0,No
2290,0,No
2291,0,No
2292,0,No
2293,0,No
2294,0,No
2295,0,No
2296,0,No
2297,0,No
2298,0,No
2299,0,No
2300,1,Sí
2301,0,No
2302,0,No
2303,1,Sí
2304,0,No
2305,0,No
2306,0,No
2307,0,No
2308,1,Sí
2309,0,No
2310,1,Sí
2311,0,No
2312,1,Sí
2313,0,No
2314,0,No
2315,1,Sí
2316,0,No
2317,1,Sí
2318,0,No
2319,0,No
2320,0,No
2321,0,No
2322,0,No
2323,0,No
2324,1,Sí
2325,1,Sí
2326,1,Sí
2327,0,No
2328,0,No
2329,0,No
2330,0,No
2331,0,No
2332,0,No
2333,0,No
2334,0,No
2335,0,No
2336,0,No
2337,0,No
2338,0,No
2339,1,Sí
2340,0,No
2341,0,No
2342,0,No
2343,0,No
2344,0,No
2345,0,No
2346,0,No
2347,0,No
2348,0,No
2349,1,Sí
2350,0,No
2351,1,Sí
2352,0,No
2353,0,No
2354,0,No
2355,0,No
2356,0,No
2357,1,Sí
2358,0,No
2359,0,No
2360,0,No
2361,0,No
2362,0,No
2363,1,Sí
2364,1,Sí
2365,0,No
2366,1,Sí
2367,0,No
2368,0,No
2369,0,No
2370,0,No
2371,0,No
2372,0,No
2373,0,No
2374,0,No
2375,0,No
2376,0,No
2377,0,No
2378,0,No
2379,0,No
2380,0,No
2381,0,No
2382,0,No
2383,0,No
2384,0,No
2385,0,No
2386,0,No
2387,1,Sí
2388,0,No
2389,0,No
2390,0,No
2391,0,No
2392,0,No
2393,0,No
2394,0,No
2395,0,No
2396,0,No
2397,0,No
2398,0,No
2399,0,No
2400,0,No
2401,0,No
2402,0,No
2403,0,No
2404,0,No
2405,1,Sí
2406,0,No
2407,1,Sí
2408,0,No
2409,0,No
2410,0,No
2411,0,No
2412,1,Sí
2413,0,No
2414,0,No
2415,0,No
2416,0,No
2417,1,Sí
2418,0,No
2419,0,No
2420,1,Sí
2421,0,No
2422,0,No
2423,0,No
2424,0,No
2425,0,No
2426,1,Sí
2427,0,No
2428,0,No
2429,1,Sí
2430,0,No
2431,0,No
2432,0,No
2433,0,No
2434,0,No
2435,1,Sí
2436,0,No
2437,0,No
2438,0,No
2439,0,No
2440,0,No
2441,0,No
2442,1,Sí
2443,0,No
2444,0,No
2445,0,No
2446,0,No
2447,0,No
2448,0,No
2449,0,No
2450,0,No
2451,0,No
2452,0,No
2453,0,No
2454,0,No
2455,0,No
2456,0,No
2457,1,Sí
2458,0,No
2459,0,No
2460,0,No
2461,0,No
2462,1,Sí
2463,0,No
2464,0,No
2465,0,No
2466,0,No
